{
  "drug": [
    0.017113789916038513,
    0.022583765909075737,
    -0.004476245958358049,
    -0.009146565571427345,
    -0.05547576770186424,
    0.004489654675126076,
    0.029601775109767914,
    -0.05628936365246773,
    0.03325529024004936,
    -0.040194034576416016,
    0.022693779319524765,
    0.007896654307842255,
    0.04948316141963005,
    -0.005524841137230396,
    0.038333602249622345,
    0.004255378153175116,
    0.029432252049446106,
    0.018001487478613853,
    0.0037984384689480066,
    -0.009158098138868809,
    -0.0002523003495298326,
    -0.006238073576241732,
    0.000660387915559113,
    -0.012788397260010242,
    -0.010424818843603134,
    -0.0022096328902989626,
    0.015316398814320564,
    0.008923734538257122,
    0.009637624956667423,
    0.0408158041536808,
    0.01504146121442318,
    -0.02897193469107151
  ],
  "protein": [
    0.04086189344525337,
    -0.004507772624492645,
    -0.0032317768782377243,
    0.05156224966049194,
    -0.014996305108070374,
    0.026851728558540344,
    0.03568655252456665,
    0.03665843978524208,
    0.01973400078713894,
    0.009377392008900642,
    0.012808987870812416,
    -0.010750974528491497,
    -0.009214870631694794,
    -0.022078126668930054,
    -0.028908492997288704,
    -0.009608244523406029,
    0.002648965921252966,
    -0.021603528410196304,
    0.015400713309645653,
    0.02697676420211792,
    0.017036426812410355,
    -0.0016166013665497303,
    -0.026855170726776123,
    0.025440577417612076,
    -0.004187493585050106,
    0.005705386865884066,
    0.02997925691306591,
    0.01824309304356575,
    0.01725115440785885,
    -0.016595477238297462,
    0.01832585223019123,
    -0.014866876415908337
  ],
  "pathway": [
    -0.010340318083763123,
    -0.0226259995251894,
    -0.00108453503344208,
    0.002722577890381217,
    0.016627086326479912,
    -0.0011958559043705463,
    0.0044096969068050385,
    -0.019506799057126045,
    -0.009279679507017136,
    -0.022797683253884315,
    -0.002831819234415889,
    -0.011508389376103878,
    0.022051120176911354,
    -0.007420264184474945,
    0.01006067730486393,
    -0.016823602840304375,
    0.03294901177287102,
    -0.01715727522969246,
    0.05225660651922226,
    0.010776985436677933,
    0.016159215942025185,
    0.02645309828221798,
    -0.0061814552173018456,
    0.007483041845262051,
    0.008531387895345688,
    -0.000515696476213634,
    0.02993425354361534,
    -0.024343136698007584,
    -0.011855171993374825,
    -0.013031001202762127,
    -0.03568832576274872,
    0.021999040618538857
  ],
  "disease": [
    -0.00019885505025740713,
    0.0025500995106995106,
    0.006576890125870705,
    0.02989109978079796,
    -0.03326832130551338,
    -0.013069923035800457,
    0.021773826330900192,
    0.040816955268383026,
    0.02542867511510849,
    -0.017519623041152954,
    0.01682041957974434,
    -0.01877495087683201,
    0.028360214084386826,
    0.000995580106973648,
    0.012328872457146645,
    0.010044686496257782,
    -0.005229647271335125,
    0.017260773107409477,
    -0.024482300505042076,
    0.002780489856377244,
    -0.04450168460607529,
    0.011846528388559818,
    -0.0015705619007349014,
    0.01596316695213318,
    0.008933689445257187,
    0.009715369902551174,
    0.0048247408121824265,
    0.0028186533600091934,
    -0.011973033659160137,
    -0.01689191348850727,
    0.02092568576335907,
    -0.03294943645596504
  ],
  "clinical_outcome": [
    0.016810225322842598,
    -0.011865384876728058,
    -0.015139015391469002,
    0.001825728453695774,
    0.009958661161363125,
    0.026804914698004723,
    -0.00817565806210041,
    -0.0010942753870040178,
    0.026668740436434746,
    0.007675123400986195,
    0.007090605329722166,
    -0.014890752732753754,
    0.01958223432302475,
    0.024951238185167313,
    0.01947089657187462,
    -0.037017904222011566,
    -0.010787364095449448,
    0.025359487161040306,
    0.0028309584595263004,
    0.01789701171219349,
    -0.04040152579545975,
    -0.003026504535228014,
    -4.17900737375021e-05,
    -0.007996235974133015,
    0.00680440291762352,
    -0.009717685170471668,
    -0.019568704068660736,
    0.014768349006772041,
    -0.0033721686340868473,
    0.01857578009366989,
    0.019914358854293823,
    0.02354019321501255
  ]
}